candidate_id,Cluster,id_genre,is_pratiquant,origin,size,ville,has_children,birth_sign,job,figure,pays,family_situation,study_level,want_children,on_mektoube_for
3659538,3,2,1.0,9,4,251,1.0,9,17.0,0.0,3,4,1.0,2,3
3762979,2,1,1.0,9,4,212,0.0,8,17.0,3.0,3,1,6.0,3,3
3983155,0,2,1.0,7,4,339,0.0,11,1.0,3.0,3,1,2.0,1,3
3906634,3,2,1.0,7,4,179,1.0,6,17.0,4.0,3,4,2.0,2,2
3927669,0,2,1.0,11,4,15,0.0,3,17.0,3.0,6,1,6.0,1,3
3988885,2,1,1.0,9,4,235,0.0,5,10.0,3.0,3,1,2.0,1,3
3871974,0,2,1.0,9,4,251,0.0,8,17.0,3.0,3,1,3.0,1,3
3997676,0,2,1.0,9,4,326,0.0,7,17.0,3.0,3,3,3.0,1,3
3807469,0,2,1.0,7,4,73,0.0,6,1.0,3.0,3,1,6.0,1,0
3793143,2,1,1.0,7,4,234,0.0,9,17.0,3.0,3,1,2.0,3,1
3510790,2,1,1.0,7,4,261,0.0,11,17.0,2.0,3,1,2.0,1,3
3448335,2,1,1.0,7,1,326,0.0,4,17.0,3.0,3,1,3.0,1,3
3894107,0,1,1.0,7,1,235,0.0,2,2.0,3.0,3,1,4.0,1,1
3984099,2,1,1.0,7,1,253,0.0,6,10.0,3.0,3,1,6.0,1,3
3422160,0,2,0.0,9,1,85,0.0,3,7.0,4.0,3,1,1.0,1,1
3922835,3,2,1.0,7,1,72,0.0,7,2.0,3.0,3,4,3.0,2,1
3108652,0,2,1.0,7,1,76,0.0,1,14.0,3.0,3,1,5.0,1,3
3941216,3,2,1.0,9,1,274,3.0,6,17.0,3.0,3,4,1.0,3,3
3550929,0,2,1.0,9,1,315,0.0,4,14.0,3.0,3,1,1.0,1,3
3988741,3,2,1.0,7,2,160,0.0,9,17.0,4.0,3,4,4.0,2,3
3539728,0,2,1.0,3,2,315,3.0,10,1.0,3.0,3,4,1.0,1,3
3838212,3,2,1.0,7,2,14,0.0,5,17.0,3.0,3,4,4.0,2,3
3855929,0,2,1.0,7,2,158,0.0,6,17.0,5.0,3,1,2.0,1,3
3924837,0,2,1.0,7,2,145,0.0,11,1.0,5.0,3,1,2.0,3,3
3911552,1,2,1.0,7,2,148,1.0,2,3.0,1.0,3,3,5.0,3,2
3859344,3,2,1.0,7,2,189,1.0,7,17.0,1.0,3,4,2.0,2,3
3833527,0,2,1.0,7,2,6,0.0,6,17.0,4.0,1,1,5.0,1,3
3536058,3,2,1.0,7,2,275,1.0,6,10.0,4.0,3,4,2.0,1,0
3721438,0,2,1.0,11,2,126,0.0,9,17.0,3.0,6,1,2.0,1,1
3780624,3,2,1.0,7,2,199,0.0,5,17.0,3.0,3,4,3.0,3,3
4000631,0,2,1.0,7,2,162,0.0,9,14.0,1.0,3,3,4.0,1,3
3953583,0,2,1.0,9,2,12,0.0,7,14.0,4.0,3,1,5.0,1,3
3993802,0,2,1.0,7,2,235,0.0,2,10.0,3.0,3,4,1.0,2,3
3785678,0,2,1.0,11,2,250,0.0,1,4.0,3.0,3,1,3.0,1,2
3964413,0,2,1.0,11,2,233,0.0,6,17.0,4.0,3,1,1.0,1,3
3118460,3,2,1.0,7,2,309,1.0,11,17.0,1.0,3,4,1.0,2,1
3803775,3,2,1.0,7,2,243,1.0,7,9.0,3.0,3,4,3.0,2,2
3080066,0,2,1.0,9,2,156,0.0,9,17.0,4.0,3,1,1.0,1,3
3866755,0,2,1.0,7,2,162,2.0,2,9.0,4.0,3,3,1.0,3,2
4017579,0,2,1.0,7,2,6,0.0,3,17.0,2.0,1,1,2.0,1,3
3870404,3,2,1.0,7,2,314,3.0,10,15.0,3.0,3,4,1.0,2,3
3878354,3,2,1.0,7,2,201,0.0,10,1.0,3.0,3,4,1.0,2,1
3554004,3,2,1.0,7,2,247,1.0,8,11.0,5.0,3,4,3.0,2,1
3919573,0,2,1.0,7,2,133,0.0,3,17.0,2.0,1,1,2.0,1,3
3993821,0,2,1.0,11,2,250,0.0,1,3.0,4.0,3,1,4.0,1,2
3143192,3,2,1.0,7,2,122,1.0,11,17.0,4.0,3,1,1.0,2,2
3944241,3,2,1.0,7,2,249,1.0,3,10.0,3.0,3,4,3.0,2,2
3790674,0,2,1.0,7,2,128,0.0,2,17.0,3.0,3,1,2.0,3,3
3792478,3,2,1.0,7,2,29,1.0,7,2.0,3.0,1,4,1.0,3,3
3782259,3,2,1.0,7,2,276,2.0,8,17.0,4.0,3,4,3.0,2,3
3849864,3,2,1.0,7,2,280,1.0,9,17.0,3.0,3,4,2.0,3,3
3988368,0,2,1.0,9,2,304,0.0,10,17.0,3.0,3,1,2.0,3,2
3910317,3,2,1.0,9,2,124,0.0,5,14.0,4.0,2,4,6.0,3,0
4088014,0,2,1.0,7,2,270,0.0,4,17.0,4.0,3,1,2.0,1,3
3606228,0,2,1.0,9,2,211,0.0,10,5.0,3.0,3,4,4.0,1,3
4044514,3,2,1.0,9,2,58,2.0,5,7.0,3.0,3,4,1.0,1,3
3759347,0,2,1.0,7,2,163,0.0,4,1.0,1.0,3,5,3.0,2,3
3729924,3,2,1.0,7,2,243,2.0,9,17.0,3.0,3,4,2.0,2,2
3707670,0,2,1.0,7,2,293,0.0,11,14.0,4.0,3,4,2.0,1,0
3539573,3,2,1.0,7,2,187,1.0,8,2.0,1.0,3,3,2.0,2,2
3897730,3,2,1.0,7,2,280,1.0,2,5.0,4.0,3,4,1.0,2,3
3082394,0,2,1.0,7,2,300,0.0,5,4.0,3.0,3,4,2.0,1,3
3834578,0,2,0.0,9,2,217,0.0,6,10.0,5.0,3,1,6.0,1,1
4035328,3,2,1.0,9,2,91,1.0,9,17.0,1.0,3,4,2.0,1,3
3864832,3,2,1.0,7,2,38,1.0,12,17.0,4.0,3,4,2.0,2,2
3884043,0,2,1.0,7,2,169,0.0,1,17.0,4.0,3,4,1.0,3,3
4050454,0,2,1.0,9,2,28,0.0,2,17.0,4.0,3,1,4.0,1,3
3846425,0,2,1.0,7,2,44,0.0,10,12.0,3.0,1,1,5.0,1,3
3194399,0,2,1.0,9,2,235,0.0,4,14.0,4.0,3,4,2.0,1,3
3474979,3,2,1.0,7,2,170,3.0,7,17.0,4.0,3,3,1.0,2,3
3725091,3,2,1.0,7,2,98,1.0,2,4.0,3.0,3,4,5.0,2,3
3686182,3,2,1.0,7,2,158,1.0,8,17.0,1.0,3,4,1.0,3,3
3527718,3,2,1.0,7,2,247,1.0,6,5.0,3.0,3,4,1.0,2,3
3845931,0,2,1.0,7,2,110,0.0,2,17.0,3.0,1,4,1.0,1,3
3985451,0,2,1.0,11,2,320,0.0,7,7.0,3.0,6,1,2.0,3,3
3080756,3,2,1.0,7,2,211,1.0,12,17.0,1.0,3,4,6.0,2,2
3721780,0,2,1.0,9,2,275,0.0,7,16.0,3.0,3,1,3.0,1,3
3848757,0,2,1.0,11,2,212,2.0,7,14.0,4.0,3,3,3.0,1,3
4034108,0,2,1.0,9,2,312,0.0,11,17.0,4.0,3,1,2.0,1,3
3979069,3,2,1.0,9,2,265,1.0,4,9.0,4.0,4,4,4.0,3,3
3817794,3,1,1.0,7,2,139,1.0,12,6.0,3.0,3,4,2.0,2,3
3482183,0,2,1.0,7,2,234,0.0,3,1.0,1.0,3,1,6.0,1,3
3624775,0,2,1.0,9,2,245,0.0,2,17.0,4.0,3,4,2.0,3,3
3938888,0,2,1.0,7,2,235,0.0,7,9.0,3.0,3,1,3.0,1,2
4014920,3,2,1.0,7,2,260,1.0,2,9.0,3.0,3,3,3.0,3,3
3663689,0,2,1.0,9,2,123,0.0,11,17.0,3.0,4,1,2.0,1,3
3919690,0,2,1.0,9,2,350,0.0,11,10.0,3.0,3,1,2.0,1,3
3752781,0,2,1.0,9,2,201,0.0,11,17.0,3.0,3,1,1.0,1,3
3842386,3,2,0.0,7,2,80,1.0,8,17.0,3.0,3,3,2.0,2,2
3555164,3,2,1.0,7,2,288,1.0,12,14.0,4.0,3,4,6.0,2,2
3997792,0,2,1.0,7,2,247,0.0,5,4.0,3.0,3,1,5.0,1,3
3906657,0,2,1.0,7,2,91,1.0,3,17.0,3.0,3,3,1.0,1,3
3794533,0,2,1.0,7,2,290,0.0,7,5.0,3.0,3,1,2.0,1,1
4006507,0,2,1.0,9,2,148,0.0,11,14.0,4.0,3,1,2.0,1,2
3681648,0,2,1.0,7,2,171,0.0,1,17.0,3.0,3,1,1.0,1,3
3859571,3,2,1.0,7,2,131,1.0,9,7.0,3.0,3,4,6.0,1,3
3988597,3,2,1.0,7,2,202,1.0,3,14.0,3.0,3,4,5.0,2,1
3944314,0,2,0.0,7,2,248,0.0,2,1.0,3.0,3,1,6.0,3,3
3746940,0,2,1.0,11,2,323,0.0,7,10.0,3.0,3,4,4.0,1,3
3675261,0,2,1.0,11,2,101,0.0,4,14.0,4.0,6,1,3.0,1,3
3591806,3,2,1.0,7,2,227,4.0,12,17.0,3.0,3,4,1.0,2,3
3595649,3,2,1.0,11,2,248,1.0,10,17.0,3.0,3,4,1.0,2,3
3478148,1,2,1.0,7,2,148,0.0,1,7.0,3.0,3,4,4.0,3,1
3649413,3,2,0.0,7,2,293,1.0,5,7.0,3.0,3,4,2.0,2,2
3912581,0,2,1.0,7,2,307,0.0,8,17.0,3.0,3,1,4.0,1,3
3923862,0,2,1.0,9,2,158,3.0,1,2.0,3.0,3,3,5.0,2,2
4015524,0,2,1.0,7,2,14,0.0,1,14.0,1.0,3,4,2.0,1,3
4016036,0,2,1.0,7,2,81,0.0,10,14.0,3.0,1,1,2.0,1,3
3369389,3,2,1.0,7,2,163,1.0,5,2.0,1.0,3,4,3.0,2,2
3833266,0,2,1.0,11,2,234,0.0,4,9.0,4.0,3,1,3.0,1,1
3817912,0,2,1.0,9,2,14,0.0,5,4.0,3.0,3,4,6.0,1,3
3732666,0,2,1.0,11,2,244,0.0,8,17.0,2.0,3,1,3.0,1,3
3935932,3,2,1.0,7,2,122,2.0,10,17.0,3.0,3,3,2.0,2,1
3791804,3,2,1.0,7,2,118,1.0,10,14.0,4.0,3,4,2.0,2,2
3874497,3,2,1.0,7,2,158,1.0,11,17.0,3.0,3,4,2.0,2,2
3607239,0,2,1.0,7,2,293,0.0,11,7.0,4.0,3,1,4.0,1,3
3809479,0,2,1.0,11,2,224,0.0,6,17.0,5.0,3,1,2.0,1,3
3821512,0,2,1.0,7,2,88,0.0,4,17.0,4.0,3,4,2.0,1,1
3779786,3,2,1.0,7,2,84,0.0,7,1.0,4.0,3,4,1.0,2,1
4012747,0,2,1.0,7,2,183,1.0,3,14.0,5.0,3,1,1.0,3,0
3966157,0,2,1.0,9,2,14,0.0,9,9.0,4.0,3,1,5.0,1,3
3418575,3,2,1.0,7,2,202,2.0,3,17.0,4.0,3,4,2.0,2,1
3765457,0,2,0.0,7,2,67,0.0,11,5.0,4.0,3,1,1.0,1,3
3773911,0,2,1.0,7,2,55,0.0,1,9.0,3.0,3,1,4.0,1,3
3665881,3,2,1.0,7,2,303,1.0,12,17.0,3.0,3,4,1.0,2,3
3979994,0,2,1.0,7,2,266,0.0,6,2.0,3.0,3,1,3.0,1,3
3896029,3,2,1.0,7,2,311,1.0,6,7.0,3.0,3,3,1.0,2,1
3922397,1,2,1.0,7,2,12,1.0,8,17.0,3.0,3,4,2.0,3,2
3408094,0,2,1.0,9,2,203,0.0,2,14.0,4.0,3,3,1.0,3,3
3451616,0,2,1.0,11,2,244,3.0,9,17.0,4.0,3,3,1.0,3,3
3616225,0,2,1.0,7,2,241,0.0,1,17.0,4.0,3,1,5.0,1,3
3848931,0,2,1.0,7,2,150,0.0,6,12.0,4.0,3,1,6.0,1,2
3838181,3,2,1.0,7,2,224,1.0,8,17.0,4.0,3,4,2.0,2,2
4035045,3,2,1.0,7,2,214,1.0,4,2.0,4.0,3,4,1.0,2,1
3959018,0,2,1.0,9,2,201,0.0,8,2.0,4.0,3,1,3.0,1,3
3757806,3,2,1.0,7,2,196,1.0,3,17.0,3.0,3,4,1.0,1,3
3695599,0,2,1.0,7,2,60,0.0,2,10.0,4.0,3,1,4.0,1,0
3153906,3,2,1.0,7,2,162,1.0,7,17.0,3.0,3,4,2.0,1,3
4020466,0,2,1.0,7,2,248,0.0,5,17.0,4.0,3,3,4.0,3,2
3546104,3,2,1.0,7,2,253,0.0,7,14.0,3.0,3,4,2.0,2,3
4030203,0,2,1.0,9,2,353,0.0,10,3.0,1.0,3,4,6.0,1,3
3275775,0,2,1.0,9,2,147,0.0,7,1.0,4.0,3,1,3.0,1,1
3772727,3,2,1.0,7,3,189,1.0,3,1.0,4.0,3,3,3.0,2,2
3854394,0,2,1.0,7,3,235,0.0,8,9.0,3.0,3,1,3.0,1,1
3912255,3,2,1.0,7,3,345,1.0,2,17.0,3.0,3,4,1.0,2,1
4064112,0,2,1.0,9,3,289,0.0,10,17.0,4.0,3,1,2.0,1,3
3966839,3,2,1.0,9,3,28,1.0,12,9.0,3.0,3,4,2.0,2,2
3465620,3,2,1.0,7,3,219,1.0,2,17.0,4.0,3,4,5.0,1,1
3260061,0,2,1.0,7,3,36,0.0,1,13.0,3.0,1,1,6.0,1,2
3831456,3,2,1.0,9,3,297,1.0,1,17.0,3.0,3,4,3.0,3,3
3806446,0,2,1.0,7,3,69,1.0,1,17.0,3.0,3,4,2.0,1,3
3110658,0,2,1.0,9,3,9,0.0,1,17.0,3.0,3,1,6.0,1,3
3175692,0,2,1.0,7,3,212,0.0,10,17.0,3.0,3,1,5.0,1,3
3748879,0,2,1.0,7,3,46,1.0,9,12.0,3.0,3,1,2.0,1,2
3993645,0,2,1.0,9,3,265,0.0,4,15.0,3.0,4,4,3.0,1,3
3789871,0,2,1.0,7,3,315,0.0,3,17.0,4.0,3,1,3.0,1,1
3903043,3,2,1.0,7,3,33,1.0,9,4.0,3.0,3,3,2.0,2,1
4040022,0,2,1.0,7,3,234,0.0,10,17.0,3.0,3,1,6.0,1,1
3778401,0,2,1.0,7,3,250,0.0,2,14.0,4.0,3,3,2.0,2,2
3746431,3,2,1.0,9,3,73,3.0,2,14.0,4.0,3,4,2.0,3,3
3708287,0,2,1.0,9,3,258,0.0,12,17.0,4.0,3,1,2.0,1,3
4010636,0,2,1.0,9,3,246,0.0,4,17.0,3.0,3,1,4.0,1,3
3852429,3,2,1.0,9,3,53,1.0,8,14.0,3.0,3,4,3.0,1,3
3817370,0,2,1.0,7,3,133,0.0,4,4.0,3.0,1,1,6.0,1,3
3766938,0,2,1.0,7,3,52,0.0,3,9.0,4.0,3,1,4.0,1,3
3680923,3,2,1.0,7,3,352,2.0,11,17.0,3.0,3,4,4.0,2,3
3819434,0,2,1.0,9,3,312,0.0,11,17.0,3.0,3,1,1.0,1,3
3878590,0,2,1.0,7,3,129,0.0,1,17.0,5.0,3,1,3.0,3,3
3914692,0,2,1.0,11,3,264,0.0,9,5.0,1.0,3,1,2.0,3,1
3604689,0,2,1.0,7,3,65,0.0,6,1.0,3.0,3,1,6.0,1,3
3883988,0,2,1.0,7,3,31,0.0,9,10.0,1.0,3,1,2.0,1,3
3949036,0,2,0.0,11,3,224,0.0,3,17.0,3.0,3,1,2.0,1,3
3242490,3,2,1.0,11,3,314,1.0,5,17.0,3.0,3,3,1.0,2,1
3253759,3,2,1.0,7,3,122,1.0,1,2.0,3.0,3,4,5.0,2,3
3996171,3,2,1.0,9,3,279,2.0,2,17.0,4.0,3,4,2.0,3,3
4076314,3,2,1.0,7,3,250,1.0,11,2.0,4.0,3,4,4.0,3,3
3502888,3,2,1.0,7,3,157,4.0,3,7.0,3.0,3,4,3.0,2,3
3780396,0,2,1.0,7,3,291,0.0,11,7.0,3.0,3,4,1.0,1,3
3929649,0,2,1.0,7,3,161,0.0,2,17.0,5.0,3,4,1.0,1,3
3988019,3,2,1.0,9,3,184,4.0,2,11.0,2.0,3,4,2.0,2,2
3749694,0,2,1.0,7,3,19,0.0,10,17.0,3.0,1,1,1.0,1,3
3989605,3,2,1.0,7,3,99,0.0,11,1.0,3.0,3,4,3.0,2,2
3864166,3,2,1.0,7,3,122,0.0,10,17.0,3.0,3,4,3.0,2,1
3719272,0,2,1.0,7,3,56,0.0,6,9.0,4.0,1,4,5.0,1,3
3786604,0,2,1.0,7,3,6,0.0,6,6.0,3.0,1,1,4.0,1,3
3941496,3,2,1.0,9,3,28,1.0,7,17.0,3.0,3,4,3.0,3,3
4063127,0,2,1.0,9,3,213,0.0,4,1.0,3.0,3,1,5.0,1,3
3761305,3,2,1.0,7,3,202,1.0,7,17.0,3.0,3,4,1.0,2,3
3784126,0,2,1.0,7,3,229,0.0,6,12.0,4.0,3,4,2.0,3,2
3783107,3,2,1.0,9,3,98,1.0,6,8.0,3.0,3,4,3.0,3,3
3700678,0,2,1.0,11,3,193,0.0,6,17.0,3.0,3,1,2.0,1,3
3942360,3,2,1.0,7,3,342,2.0,6,17.0,3.0,3,4,5.0,3,3
3782375,0,2,1.0,7,3,339,0.0,12,9.0,3.0,3,1,4.0,3,3
3845110,0,2,1.0,9,3,140,0.0,10,2.0,4.0,3,1,2.0,1,3
4008954,3,2,1.0,9,3,247,1.0,10,2.0,3.0,3,3,4.0,2,1
3615232,1,2,1.0,7,3,222,1.0,7,12.0,3.0,3,4,3.0,3,1
3850501,3,2,1.0,9,3,13,1.0,7,11.0,3.0,3,4,3.0,3,2
3743245,3,2,1.0,11,3,51,1.0,3,14.0,3.0,3,4,4.0,2,3
3642382,3,2,1.0,7,3,298,1.0,9,1.0,4.0,3,4,6.0,3,3
3876632,0,2,1.0,9,3,30,0.0,4,2.0,3.0,4,1,3.0,1,3
3111704,3,2,1.0,7,3,205,3.0,5,9.0,4.0,3,4,3.0,3,3
3964953,0,2,1.0,7,3,226,0.0,6,10.0,3.0,1,1,5.0,1,3
4020790,0,2,1.0,11,3,202,0.0,11,17.0,3.0,3,4,6.0,1,1
3815236,0,2,1.0,7,3,3,0.0,8,10.0,1.0,1,1,6.0,1,3
3420238,0,2,1.0,7,3,173,0.0,2,9.0,3.0,3,1,2.0,1,3
3957079,3,2,1.0,2,3,248,1.0,8,14.0,4.0,3,3,2.0,2,1
3986016,0,2,1.0,7,3,160,0.0,7,14.0,3.0,3,1,4.0,1,3
3242854,3,2,1.0,7,3,27,1.0,1,1.0,4.0,3,3,1.0,2,2
3973751,0,2,1.0,9,3,100,0.0,1,17.0,4.0,3,1,5.0,3,3
3423359,0,2,1.0,9,3,213,0.0,12,1.0,3.0,3,1,5.0,1,3
3911553,3,2,1.0,7,3,20,1.0,4,9.0,3.0,3,4,5.0,2,3
3856777,0,2,1.0,7,3,81,0.0,10,17.0,3.0,1,4,1.0,3,3
3991437,3,2,1.0,11,3,170,1.0,3,17.0,5.0,3,4,2.0,1,2
3935911,0,2,1.0,7,3,237,0.0,3,1.0,3.0,3,1,5.0,1,3
3975853,0,2,1.0,7,3,73,0.0,10,2.0,1.0,3,1,5.0,1,3
3496112,3,2,1.0,7,3,147,3.0,4,10.0,3.0,3,4,1.0,2,3
3943092,0,2,1.0,7,3,314,0.0,9,1.0,2.0,3,1,3.0,2,3
3764924,0,2,1.0,9,3,28,0.0,4,14.0,3.0,3,1,2.0,1,3
3925441,3,2,1.0,9,3,55,2.0,1,10.0,4.0,3,4,1.0,2,2
3868871,3,2,1.0,9,3,244,1.0,11,4.0,3.0,3,4,4.0,1,1
3907783,3,2,1.0,9,3,247,1.0,10,2.0,3.0,3,3,4.0,2,2
3787982,0,2,1.0,9,3,304,0.0,4,17.0,3.0,3,1,1.0,1,3
3839454,0,2,1.0,9,3,285,0.0,10,9.0,3.0,3,1,4.0,1,3
4041457,3,2,1.0,7,3,198,4.0,8,4.0,3.0,3,4,3.0,2,1
3431419,3,2,1.0,11,3,156,1.0,7,17.0,3.0,3,4,2.0,2,3
3121920,3,2,1.0,7,3,20,1.0,9,17.0,3.0,3,4,3.0,3,3
3684357,0,2,1.0,11,3,208,0.0,2,9.0,1.0,6,4,1.0,1,3
3788808,0,2,0.0,7,3,243,0.0,12,17.0,1.0,3,1,1.0,1,2
3544074,0,2,1.0,9,3,148,0.0,11,17.0,4.0,3,1,2.0,1,3
3894794,0,2,1.0,7,3,212,0.0,11,16.0,4.0,3,1,2.0,1,3
3864844,0,2,1.0,7,3,354,0.0,12,2.0,1.0,1,1,2.0,1,0
3825176,0,2,1.0,11,3,235,0.0,2,14.0,3.0,3,1,1.0,1,3
3826718,0,2,1.0,7,3,235,1.0,1,17.0,3.0,3,3,4.0,2,2
3796787,0,2,1.0,7,3,173,0.0,6,17.0,4.0,3,1,2.0,1,3
3854404,0,2,1.0,7,3,253,0.0,6,10.0,1.0,3,1,4.0,3,2
3947077,0,2,1.0,9,3,207,0.0,6,9.0,3.0,3,1,3.0,1,3
3691335,0,2,1.0,7,3,203,0.0,8,17.0,1.0,3,1,2.0,1,0
3814472,3,2,1.0,9,3,243,2.0,12,17.0,2.0,3,4,2.0,3,3
3838030,0,2,1.0,7,3,106,0.0,6,17.0,3.0,3,1,1.0,1,2
3858516,0,2,1.0,9,3,346,0.0,6,1.0,4.0,3,1,3.0,1,3
4074588,0,2,1.0,7,3,26,0.0,7,9.0,1.0,3,4,4.0,1,3
3826783,0,1,1.0,11,3,315,0.0,10,5.0,3.0,3,1,1.0,1,3
3804259,3,2,1.0,7,3,221,3.0,11,17.0,4.0,3,3,2.0,2,2
3380068,0,2,1.0,7,3,70,0.0,1,14.0,3.0,1,1,6.0,1,1
3710316,3,2,1.0,7,3,315,1.0,9,17.0,4.0,3,3,1.0,2,3
3652461,3,2,1.0,7,3,171,1.0,9,15.0,5.0,3,3,2.0,3,3
4061552,3,2,1.0,7,3,41,1.0,5,10.0,3.0,3,4,2.0,2,1
3822961,0,2,1.0,7,3,171,0.0,3,17.0,3.0,3,4,1.0,1,3
3574132,3,2,1.0,9,3,315,1.0,3,14.0,3.0,3,4,3.0,2,0
3827077,0,2,1.0,9,3,315,0.0,12,17.0,4.0,3,3,2.0,1,1
3591823,0,2,1.0,7,3,340,0.0,7,1.0,3.0,3,1,6.0,1,3
3779474,0,2,1.0,7,3,239,0.0,9,17.0,3.0,3,3,5.0,3,3
3364757,3,2,1.0,7,3,353,1.0,2,11.0,3.0,3,4,2.0,2,3
4020117,3,2,1.0,9,3,229,2.0,5,17.0,4.0,3,4,2.0,3,3
3958421,0,2,1.0,7,3,11,0.0,1,16.0,3.0,1,1,6.0,1,3
3782550,3,2,1.0,7,3,218,1.0,12,8.0,3.0,3,4,4.0,3,3
3947415,0,2,1.0,7,3,37,0.0,11,17.0,3.0,1,1,3.0,1,3
3102871,3,2,1.0,9,3,47,1.0,8,10.0,3.0,3,3,4.0,2,2
3783319,0,2,1.0,9,3,253,0.0,3,17.0,3.0,3,1,2.0,1,3
3166367,3,2,1.0,7,3,149,1.0,6,12.0,4.0,3,4,4.0,2,2
3532194,0,2,1.0,7,3,105,0.0,7,12.0,4.0,3,4,3.0,1,3
3808445,3,2,1.0,7,3,46,1.0,4,2.0,4.0,3,4,3.0,3,3
3161535,0,1,1.0,12,3,250,0.0,7,17.0,3.0,3,4,3.0,1,3
3650501,3,2,1.0,7,3,189,1.0,2,1.0,3.0,3,4,1.0,2,1
3656647,3,2,1.0,7,3,60,1.0,6,14.0,4.0,3,4,1.0,2,2
3715536,0,2,1.0,9,3,315,0.0,6,1.0,3.0,3,1,4.0,1,1
3924198,3,2,1.0,7,3,20,1.0,7,5.0,4.0,3,4,1.0,3,3
3537897,0,2,1.0,7,3,246,0.0,7,10.0,3.0,3,1,3.0,2,3
3867373,3,2,1.0,11,3,31,1.0,9,17.0,3.0,3,4,2.0,2,1
3856368,0,2,1.0,9,3,248,0.0,11,3.0,3.0,3,4,4.0,1,3
3196149,0,2,1.0,7,3,14,0.0,5,17.0,4.0,3,1,2.0,3,3
4041977,1,2,1.0,7,3,38,1.0,12,14.0,3.0,3,4,2.0,3,1
3796736,0,2,1.0,7,3,12,0.0,5,17.0,3.0,3,0,5.0,1,3
3720977,0,2,1.0,9,3,95,0.0,1,10.0,3.0,3,4,2.0,1,2
4052268,0,2,1.0,7,3,8,0.0,10,17.0,3.0,3,1,4.0,3,2
3894602,3,2,0.0,7,3,293,1.0,9,5.0,3.0,3,5,4.0,2,1
3924071,0,2,1.0,7,3,159,0.0,3,17.0,3.0,3,4,2.0,3,3
3692421,3,2,1.0,7,3,177,1.0,3,17.0,4.0,3,4,2.0,3,3
3708576,3,2,1.0,9,3,259,1.0,12,5.0,3.0,3,4,1.0,2,2
3815862,0,2,1.0,7,3,321,0.0,1,12.0,5.0,3,4,2.0,1,1
3777991,3,2,1.0,9,3,326,1.0,6,14.0,2.0,3,3,4.0,3,0
3926735,3,2,1.0,7,3,149,1.0,6,12.0,4.0,3,4,5.0,2,1
4003794,0,2,1.0,7,3,234,2.0,7,17.0,4.0,3,3,2.0,1,3
3794647,0,2,1.0,7,3,25,0.0,9,14.0,1.0,3,1,4.0,1,3
3132125,0,2,1.0,7,3,253,0.0,1,14.0,4.0,3,1,6.0,1,3
3362819,3,2,1.0,11,3,220,3.0,3,8.0,3.0,3,4,2.0,2,1
3991302,0,2,1.0,9,3,100,0.0,5,17.0,3.0,3,1,2.0,1,3
3768071,0,2,1.0,7,3,22,0.0,8,1.0,4.0,3,1,3.0,1,2
3840521,0,2,1.0,9,3,313,0.0,7,1.0,4.0,3,4,6.0,1,3
3137322,3,2,1.0,7,3,136,3.0,6,17.0,3.0,3,4,2.0,2,2
3470126,1,1,0.0,7,3,251,3.0,4,17.0,3.0,3,4,4.0,2,1
3812914,0,2,1.0,7,3,236,0.0,5,10.0,3.0,3,1,6.0,1,3
3768908,0,2,1.0,7,3,244,0.0,12,17.0,3.0,3,1,3.0,1,3
3653718,3,2,1.0,7,3,59,3.0,1,1.0,3.0,3,4,1.0,2,2
3766111,0,2,1.0,11,3,13,1.0,1,17.0,4.0,3,4,2.0,1,1
3705186,3,2,1.0,7,3,233,1.0,9,17.0,5.0,3,4,2.0,2,3
4043622,0,2,1.0,7,3,226,0.0,9,4.0,3.0,1,1,6.0,1,3
4010348,0,2,1.0,7,3,67,0.0,10,14.0,4.0,3,1,6.0,1,1
4035978,0,2,1.0,7,3,95,0.0,5,17.0,4.0,3,1,4.0,1,3
3972751,0,2,1.0,9,3,268,0.0,5,1.0,1.0,3,4,6.0,1,2
3854480,3,2,1.0,7,3,319,4.0,11,17.0,3.0,3,4,1.0,2,3
3598761,0,2,1.0,11,3,187,0.0,5,5.0,1.0,3,1,5.0,1,2
4070060,0,2,1.0,7,3,256,0.0,7,1.0,5.0,3,4,4.0,1,2
3788204,0,2,1.0,7,3,122,0.0,10,14.0,3.0,3,1,5.0,1,3
4031156,0,2,1.0,9,3,251,0.0,12,5.0,3.0,3,1,3.0,3,3
3815105,0,2,1.0,7,3,143,0.0,1,14.0,3.0,3,1,6.0,1,1
3515122,0,2,1.0,9,3,235,0.0,8,1.0,3.0,3,1,6.0,1,3
3432948,0,2,1.0,7,3,47,0.0,8,13.0,1.0,3,1,6.0,1,3
3970810,0,2,1.0,7,3,215,0.0,8,2.0,1.0,3,1,1.0,3,3
3651590,0,2,1.0,7,3,266,0.0,4,2.0,5.0,3,1,6.0,1,3
3893524,3,2,1.0,7,3,11,1.0,2,17.0,3.0,1,4,3.0,2,3
3917606,3,2,1.0,7,3,6,2.0,1,14.0,3.0,1,4,2.0,2,3
3600940,3,2,1.0,9,3,212,1.0,1,2.0,3.0,3,4,1.0,2,3
3801134,3,2,1.0,7,3,272,1.0,1,7.0,3.0,3,4,2.0,2,1
3859510,0,2,1.0,7,3,175,0.0,1,17.0,4.0,3,1,2.0,1,1
3700031,0,2,1.0,7,3,57,0.0,10,17.0,3.0,1,1,5.0,3,1
3786578,3,2,1.0,7,3,97,2.0,9,12.0,4.0,3,4,3.0,3,3
3631707,3,2,1.0,11,3,224,0.0,5,7.0,3.0,3,5,2.0,2,2
3968100,1,2,1.0,9,3,296,2.0,1,9.0,5.0,3,4,3.0,3,1
3326566,3,2,1.0,7,3,343,1.0,4,1.0,4.0,3,4,3.0,2,2
3996790,0,2,1.0,7,3,252,0.0,5,1.0,3.0,3,1,3.0,1,3
4030340,3,2,1.0,11,3,234,1.0,5,4.0,3.0,3,4,2.0,3,2
3798420,0,2,1.0,7,3,248,0.0,7,17.0,2.0,3,1,2.0,1,0
3878817,0,2,1.0,7,3,271,1.0,1,5.0,4.0,3,1,2.0,2,3
4040353,3,2,1.0,7,3,163,1.0,12,14.0,3.0,3,3,2.0,3,2
3231909,3,2,1.0,7,3,315,4.0,10,14.0,3.0,3,4,3.0,3,2
3653286,0,2,1.0,7,3,280,0.0,7,17.0,3.0,3,1,4.0,1,3
3873966,0,2,1.0,7,3,298,0.0,1,15.0,3.0,3,4,3.0,1,3
3584693,0,1,1.0,7,3,201,0.0,5,17.0,3.0,3,1,2.0,1,3
3997882,0,1,1.0,3,3,202,0.0,8,17.0,3.0,3,1,1.0,1,1
3714751,0,2,0.0,7,3,181,0.0,1,10.0,4.0,3,3,5.0,1,3
3865549,0,2,1.0,9,3,148,0.0,12,17.0,3.0,3,4,2.0,1,2
4005838,0,2,1.0,9,3,189,0.0,7,17.0,1.0,3,1,2.0,1,3
3745745,0,2,1.0,9,3,210,0.0,2,16.0,3.0,4,1,2.0,2,3
3996123,3,2,1.0,7,3,240,1.0,4,10.0,4.0,3,4,3.0,1,3
3765981,1,1,1.0,7,3,304,2.0,1,17.0,3.0,3,4,1.0,2,1
3639519,0,2,1.0,7,3,344,0.0,6,2.0,4.0,3,1,3.0,1,3
3740641,3,2,1.0,7,3,344,1.0,12,10.0,3.0,3,4,2.0,2,3
3769832,0,2,1.0,9,3,260,3.0,1,2.0,3.0,3,5,3.0,2,1
3597802,3,2,1.0,7,3,100,1.0,12,10.0,4.0,3,4,2.0,2,2
3779058,0,2,1.0,11,3,118,0.0,8,10.0,3.0,3,1,2.0,2,1
4039923,3,2,1.0,7,3,139,1.0,7,14.0,4.0,3,4,4.0,1,3
3987447,3,2,1.0,7,3,326,1.0,2,5.0,3.0,3,3,5.0,3,3
3782395,0,2,1.0,9,3,175,3.0,1,17.0,3.0,3,5,1.0,2,3
3549697,0,2,1.0,9,3,353,0.0,10,10.0,4.0,3,1,4.0,1,3
3776770,3,2,1.0,9,3,7,1.0,11,11.0,3.0,3,5,2.0,2,2
4032778,3,2,1.0,9,3,45,1.0,9,17.0,3.0,3,4,2.0,2,3
3727385,0,2,1.0,9,3,254,2.0,11,17.0,3.0,3,1,1.0,2,1
3925276,0,1,1.0,11,3,105,0.0,10,7.0,3.0,3,1,2.0,1,3
3836449,0,2,0.0,7,3,294,3.0,7,5.0,4.0,3,4,1.0,1,3
3486243,3,2,1.0,7,3,46,3.0,12,14.0,3.0,3,4,4.0,2,0
3814179,0,2,1.0,11,3,178,0.0,2,17.0,3.0,3,1,3.0,1,3
3860014,0,2,1.0,7,3,235,0.0,1,17.0,3.0,3,1,2.0,1,3
3826224,3,2,1.0,7,3,186,1.0,1,1.0,3.0,3,4,1.0,2,3
3716944,0,2,1.0,11,3,331,0.0,6,11.0,1.0,3,1,2.0,1,3
3728464,0,2,1.0,7,3,22,0.0,1,1.0,3.0,3,4,2.0,2,1
3707729,1,1,1.0,7,3,344,1.0,6,17.0,2.0,3,4,2.0,3,0
3790177,0,2,1.0,11,3,132,0.0,8,17.0,3.0,6,1,4.0,1,3
3783011,1,1,1.0,7,3,122,1.0,2,5.0,3.0,3,3,2.0,3,2
3862389,0,2,1.0,7,3,184,0.0,5,14.0,4.0,3,1,2.0,1,3
3863955,3,2,0.0,7,3,118,1.0,2,10.0,3.0,3,4,1.0,2,1
3802776,0,2,1.0,7,3,119,1.0,4,17.0,3.0,3,1,3.0,3,0
3896483,0,1,1.0,7,3,253,0.0,9,14.0,3.0,3,1,6.0,1,3
3874724,0,2,1.0,7,3,180,0.0,8,17.0,3.0,3,1,4.0,1,0
3456168,0,2,1.0,7,3,200,0.0,9,9.0,1.0,3,1,4.0,1,1
3906487,0,2,1.0,7,3,252,0.0,5,4.0,4.0,3,1,5.0,1,3
3885752,0,2,1.0,9,3,235,0.0,4,9.0,1.0,3,1,3.0,1,3
3638713,1,2,1.0,9,3,326,1.0,3,17.0,3.0,3,4,2.0,3,1
4031425,0,2,1.0,9,3,235,2.0,6,2.0,3.0,3,3,3.0,2,3
3719117,3,2,1.0,7,3,55,1.0,5,17.0,3.0,3,3,2.0,1,3
3466960,3,2,1.0,7,3,269,0.0,3,10.0,3.0,3,4,2.0,2,1
3226585,3,2,1.0,7,3,70,1.0,5,9.0,4.0,1,4,2.0,3,3
3597017,0,2,1.0,7,3,161,0.0,3,11.0,3.0,3,1,4.0,1,1
3900123,3,2,0.0,7,3,31,2.0,11,14.0,5.0,3,4,1.0,2,3
3652067,3,2,1.0,7,3,339,1.0,1,1.0,4.0,3,5,2.0,2,2
3768558,3,2,1.0,9,3,28,1.0,4,17.0,3.0,3,4,2.0,1,3
3920623,3,2,1.0,9,3,347,1.0,7,14.0,4.0,3,4,2.0,1,3
3866612,1,2,1.0,11,3,220,1.0,1,5.0,4.0,3,4,2.0,3,2
3561465,0,2,1.0,7,3,180,0.0,9,17.0,1.0,3,1,2.0,1,3
3669248,3,2,1.0,7,3,77,1.0,11,5.0,1.0,3,4,1.0,2,1
3822855,3,2,1.0,7,3,68,2.0,3,13.0,3.0,3,4,6.0,2,3
3315721,3,2,1.0,7,3,89,3.0,11,17.0,3.0,3,4,2.0,2,1
3869965,3,2,1.0,7,3,339,2.0,5,14.0,1.0,3,4,3.0,1,1
3579920,3,2,1.0,7,3,41,4.0,5,17.0,4.0,3,4,2.0,2,2
4044309,0,1,1.0,7,3,122,0.0,1,17.0,2.0,3,1,2.0,3,1
3720217,0,2,1.0,7,3,5,0.0,5,1.0,1.0,1,1,4.0,3,1
3664415,3,2,1.0,3,3,105,1.0,10,17.0,3.0,3,1,4.0,2,3
3809569,1,1,1.0,7,3,201,1.0,5,17.0,3.0,3,3,1.0,3,2
3972644,1,1,1.0,7,3,181,1.0,1,14.0,3.0,3,4,1.0,3,2
3807527,3,2,1.0,7,3,322,1.0,10,17.0,3.0,3,4,2.0,3,3
3946539,0,2,1.0,7,3,266,0.0,4,11.0,4.0,3,1,2.0,1,3
3795244,0,1,1.0,7,3,276,0.0,8,4.0,3.0,3,1,3.0,1,3
3200045,0,2,1.0,9,3,55,0.0,7,10.0,5.0,3,1,2.0,1,3
3808047,0,2,1.0,7,3,252,0.0,9,17.0,5.0,3,1,4.0,1,3
3388469,3,2,1.0,7,3,246,1.0,4,17.0,3.0,3,4,2.0,2,2
3250490,0,2,1.0,7,3,156,0.0,6,4.0,1.0,3,1,3.0,1,0
3973435,0,2,1.0,7,3,234,0.0,3,7.0,1.0,3,3,6.0,3,3
3717180,0,1,1.0,7,3,20,0.0,1,5.0,2.0,3,1,2.0,1,3
4036157,0,1,1.0,7,3,280,0.0,6,17.0,3.0,3,1,2.0,1,3
3679810,0,2,1.0,9,3,180,1.0,9,17.0,1.0,3,3,3.0,1,3
3956290,0,1,1.0,7,3,170,0.0,7,6.0,3.0,3,4,1.0,3,3
3247683,3,2,0.0,7,3,288,1.0,1,17.0,3.0,3,3,2.0,2,3
3479621,3,2,1.0,7,3,73,2.0,5,9.0,1.0,3,4,3.0,2,2
3935059,0,1,1.0,7,3,201,0.0,1,17.0,2.0,3,1,3.0,1,3
4010835,0,1,1.0,7,3,122,0.0,1,17.0,2.0,3,1,2.0,3,1
3820886,0,2,1.0,7,3,153,0.0,2,17.0,5.0,3,1,4.0,1,3
3715162,0,2,1.0,7,3,43,0.0,2,8.0,3.0,1,1,1.0,1,3
3467355,0,2,1.0,9,3,224,0.0,11,14.0,4.0,3,1,2.0,1,3
3552860,0,2,1.0,7,3,241,0.0,9,16.0,4.0,3,1,5.0,1,1
3958109,0,2,1.0,7,3,32,0.0,1,5.0,3.0,3,4,2.0,1,1
4036200,3,2,1.0,7,3,351,3.0,1,3.0,3.0,3,4,4.0,2,3
3685997,1,1,1.0,7,3,251,0.0,8,3.0,2.0,3,4,3.0,3,0
3889517,0,2,1.0,9,3,325,0.0,12,17.0,3.0,3,1,3.0,2,1
4078706,0,2,1.0,7,3,212,0.0,7,14.0,3.0,3,1,4.0,1,3
3985535,0,2,1.0,7,3,13,0.0,7,14.0,5.0,3,4,2.0,1,3
3924878,3,2,1.0,7,3,234,1.0,9,12.0,4.0,3,4,3.0,3,3
3294111,0,2,1.0,7,3,253,0.0,6,17.0,4.0,3,1,3.0,1,1
3837351,3,2,1.0,7,3,243,1.0,10,10.0,3.0,3,4,4.0,3,2
3774631,3,2,1.0,7,3,276,1.0,4,4.0,3.0,3,4,6.0,2,1
4047528,0,2,1.0,7,3,10,0.0,8,17.0,3.0,2,1,4.0,3,3
3996332,1,1,1.0,7,3,315,0.0,6,6.0,4.0,3,4,2.0,3,2
3540654,3,2,1.0,7,3,58,1.0,10,1.0,2.0,3,4,5.0,1,3
3904942,1,1,1.0,11,3,141,1.0,10,5.0,2.0,3,4,3.0,3,3
3844018,3,2,1.0,7,3,229,2.0,7,5.0,4.0,3,3,3.0,2,3
4051634,0,1,1.0,7,3,136,0.0,8,4.0,3.0,3,1,3.0,1,3
3738299,3,2,1.0,9,3,211,1.0,4,1.0,3.0,3,4,3.0,1,3
3802812,0,1,1.0,7,3,353,1.0,4,17.0,4.0,3,3,2.0,1,2
3957953,3,2,1.0,7,3,6,1.0,1,1.0,3.0,1,4,5.0,2,2
3465415,3,2,1.0,7,3,155,1.0,3,17.0,1.0,3,4,3.0,1,3
3751892,3,2,1.0,7,3,310,0.0,7,17.0,1.0,3,4,2.0,2,1
3870423,3,2,1.0,7,3,55,1.0,3,17.0,5.0,3,4,1.0,2,1
3393754,0,2,1.0,11,3,220,1.0,4,1.0,3.0,3,3,1.0,1,1
3600860,3,2,1.0,9,3,148,2.0,5,10.0,3.0,3,4,3.0,2,3
3719390,3,2,1.0,7,3,267,1.0,8,15.0,3.0,3,4,1.0,2,0
3676386,0,2,1.0,7,3,339,0.0,5,17.0,4.0,3,1,5.0,1,3
3717093,3,2,1.0,7,3,103,1.0,10,4.0,4.0,3,4,2.0,2,2
3815656,0,2,1.0,7,3,157,0.0,2,17.0,3.0,3,1,4.0,1,0
4008172,0,2,1.0,7,3,234,0.0,10,17.0,3.0,3,1,3.0,1,3
3998964,0,2,1.0,9,3,308,0.0,5,14.0,3.0,4,4,1.0,1,3
3959287,3,2,1.0,6,3,148,1.0,3,11.0,3.0,3,4,2.0,1,3
3998968,0,2,1.0,11,3,249,0.0,10,2.0,3.0,3,1,4.0,1,3
3683832,1,1,1.0,7,3,230,1.0,3,4.0,3.0,3,3,6.0,3,3
3711486,3,1,0.0,7,3,194,1.0,6,5.0,1.0,3,4,2.0,2,2
3304453,0,2,1.0,7,4,108,0.0,6,17.0,2.0,3,4,2.0,1,3
3909640,3,2,1.0,7,4,12,1.0,8,1.0,3.0,3,4,3.0,1,3
4044837,0,2,1.0,7,4,253,0.0,3,15.0,3.0,3,1,3.0,1,3
3979060,2,1,1.0,7,4,244,0.0,10,1.0,4.0,3,1,5.0,1,2
3857471,1,1,1.0,7,4,46,1.0,3,12.0,1.0,3,4,3.0,2,3
3840323,2,1,1.0,7,4,199,0.0,7,1.0,3.0,3,1,1.0,1,3
3880004,1,2,1.0,7,4,173,1.0,5,14.0,4.0,3,4,3.0,3,1
3985993,0,2,1.0,9,4,155,0.0,10,2.0,3.0,3,1,5.0,1,3
3804746,2,1,1.0,7,4,24,0.0,9,1.0,3.0,3,1,3.0,1,3
3730255,1,1,1.0,7,4,96,1.0,4,1.0,3.0,3,4,5.0,1,1
3855725,0,2,1.0,7,4,191,0.0,9,17.0,5.0,3,4,3.0,1,3
3088781,0,2,1.0,7,4,148,0.0,1,17.0,2.0,3,1,2.0,1,3
3496593,1,2,1.0,7,4,353,4.0,6,17.0,1.0,3,3,2.0,3,2
3645848,0,2,1.0,7,4,305,0.0,9,16.0,4.0,3,1,1.0,3,3
3712409,3,2,1.0,11,4,49,1.0,12,17.0,4.0,3,3,2.0,2,2
3893149,1,1,1.0,9,4,253,1.0,8,6.0,3.0,3,4,4.0,3,2
3842975,2,1,1.0,9,4,138,0.0,10,17.0,0.0,3,1,2.0,1,2
3396810,1,1,0.0,7,4,314,0.0,4,10.0,3.0,3,4,2.0,3,2
3839949,0,2,1.0,7,4,78,0.0,8,17.0,3.0,3,4,3.0,3,3
3999960,0,2,1.0,9,4,315,0.0,5,5.0,3.0,3,1,3.0,1,3
3552481,0,2,1.0,7,4,317,0.0,3,17.0,3.0,3,4,4.0,1,1
4029419,3,2,1.0,7,4,55,2.0,5,17.0,4.0,3,3,3.0,2,2
3902712,3,2,1.0,7,4,205,0.0,10,17.0,3.0,3,4,2.0,2,3
3849216,0,2,1.0,7,4,13,0.0,7,13.0,4.0,3,1,6.0,1,0
4051202,0,2,1.0,7,4,209,0.0,12,17.0,3.0,3,1,4.0,3,1
3438597,3,2,0.0,9,4,305,3.0,3,17.0,5.0,3,4,2.0,2,3
3362581,2,1,1.0,7,4,226,0.0,12,5.0,3.0,1,1,5.0,1,3
3228695,2,1,1.0,7,4,235,0.0,2,1.0,3.0,3,1,4.0,1,1
3989554,2,1,1.0,7,4,35,0.0,5,17.0,3.0,3,1,2.0,1,1
3573556,1,1,1.0,7,4,280,1.0,8,17.0,3.0,3,4,3.0,3,3
3856186,3,2,1.0,7,4,273,1.0,6,14.0,3.0,3,4,1.0,2,2
4026432,1,1,1.0,7,4,78,0.0,5,5.0,3.0,3,1,2.0,3,1
3781191,1,1,1.0,11,4,338,1.0,7,17.0,3.0,3,4,2.0,3,3
3672151,2,1,1.0,11,4,344,0.0,10,2.0,3.0,3,1,1.0,1,2
3797097,0,2,1.0,7,4,13,0.0,1,12.0,4.0,3,1,6.0,1,3
3441520,1,1,1.0,7,4,242,0.0,1,2.0,3.0,3,3,5.0,3,2
3156597,2,1,1.0,9,4,130,0.0,1,5.0,2.0,3,1,2.0,1,0
3830143,0,2,1.0,7,4,145,0.0,1,14.0,3.0,3,1,3.0,1,1
3788168,1,1,1.0,7,4,34,1.0,2,17.0,3.0,5,4,1.0,1,3
4049289,0,2,1.0,7,4,315,0.0,5,9.0,4.0,3,1,4.0,1,3
3944612,2,1,1.0,7,4,250,0.0,1,4.0,3.0,3,1,6.0,1,3
3817900,1,2,1.0,11,4,147,0.0,7,10.0,1.0,3,4,4.0,3,0
3961518,1,1,1.0,7,4,115,0.0,2,1.0,3.0,3,1,4.0,3,1
3797169,2,1,1.0,7,4,251,0.0,3,5.0,1.0,3,1,1.0,1,1
3846352,1,1,1.0,7,4,348,1.0,8,7.0,3.0,3,4,2.0,1,1
3929576,2,1,1.0,7,4,164,0.0,12,4.0,3.0,3,1,5.0,3,3
3734765,2,1,1.0,9,4,82,1.0,5,7.0,3.0,3,1,1.0,1,3
3469552,0,2,0.0,7,4,107,0.0,1,17.0,4.0,3,1,2.0,3,2
3841016,1,2,1.0,9,4,170,1.0,3,15.0,3.0,3,4,1.0,3,3
3890720,0,2,1.0,7,4,275,0.0,12,2.0,1.0,3,3,4.0,1,3
3139360,2,1,1.0,7,4,234,0.0,4,1.0,3.0,3,4,6.0,3,3
3634226,0,2,1.0,9,4,213,0.0,11,17.0,3.0,3,4,2.0,3,3
3752784,1,1,1.0,7,4,174,0.0,2,7.0,3.0,3,4,2.0,3,3
3538533,1,2,1.0,9,4,21,2.0,1,17.0,4.0,3,3,4.0,3,0
3987313,0,2,1.0,11,4,244,0.0,12,14.0,4.0,3,1,3.0,1,1
3903093,1,1,1.0,7,4,112,1.0,4,6.0,2.0,3,4,2.0,3,3
3942521,1,1,1.0,7,4,280,1.0,10,11.0,2.0,3,4,2.0,1,3
4054924,2,1,1.0,7,4,155,0.0,2,7.0,1.0,3,1,2.0,1,3
3767963,2,1,1.0,7,4,281,0.0,5,17.0,3.0,3,4,1.0,1,3
3923100,1,1,1.0,7,4,246,0.0,3,5.0,3.0,3,3,3.0,3,2
3709868,2,1,1.0,7,4,98,0.0,9,17.0,3.0,3,1,1.0,2,2
3497903,1,1,1.0,7,4,315,1.0,8,6.0,4.0,3,4,1.0,1,3
3848625,2,1,1.0,7,4,156,0.0,8,17.0,3.0,3,3,5.0,1,0
3535543,0,2,1.0,7,4,120,0.0,2,12.0,3.0,3,3,4.0,1,3
3804863,0,2,1.0,7,4,275,1.0,9,17.0,1.0,3,0,2.0,1,3
3344066,2,1,1.0,7,4,295,0.0,1,2.0,3.0,3,1,1.0,3,3
3742931,2,1,1.0,7,4,249,0.0,10,2.0,2.0,3,3,6.0,1,1
3972580,2,1,1.0,7,4,61,0.0,6,4.0,2.0,3,1,3.0,3,2
3775466,2,1,1.0,7,4,250,0.0,12,7.0,2.0,3,1,5.0,1,3
3852549,1,1,1.0,9,4,337,0.0,12,5.0,3.0,3,0,2.0,3,2
3690505,0,2,1.0,9,4,247,0.0,5,17.0,3.0,3,1,3.0,1,3
3760676,2,1,1.0,7,4,185,0.0,3,5.0,3.0,1,1,2.0,1,3
3818293,2,1,1.0,9,4,302,0.0,6,17.0,3.0,3,4,2.0,2,3
3973695,1,2,1.0,7,4,60,1.0,8,17.0,4.0,3,3,3.0,3,1
3974467,1,1,1.0,7,4,248,2.0,9,1.0,3.0,3,4,6.0,2,3
3551812,2,1,1.0,7,4,21,0.0,6,5.0,3.0,3,1,1.0,1,3
3617867,1,1,1.0,7,4,150,1.0,4,2.0,2.0,3,4,3.0,3,2
3733861,2,1,1.0,9,4,253,0.0,4,13.0,3.0,3,1,2.0,1,3
3827068,0,2,1.0,9,4,116,0.0,4,17.0,4.0,3,1,2.0,1,3
3754887,2,1,1.0,7,4,1,0.0,4,17.0,3.0,3,1,3.0,3,2
3666579,2,1,1.0,7,4,244,0.0,4,5.0,3.0,3,3,2.0,1,2
3824287,0,2,1.0,7,4,249,0.0,12,7.0,3.0,3,1,3.0,2,2
3460258,1,2,0.0,11,4,31,1.0,3,2.0,3.0,3,4,1.0,1,2
3848881,0,2,1.0,7,4,148,0.0,9,5.0,4.0,3,4,2.0,3,3
3936178,2,1,1.0,9,4,74,0.0,5,17.0,3.0,3,3,2.0,1,3
3713974,1,1,1.0,7,4,349,1.0,6,17.0,3.0,3,4,2.0,2,3
3560377,1,1,1.0,7,4,334,1.0,9,17.0,3.0,3,4,2.0,3,3
3873728,2,1,1.0,9,4,247,0.0,5,5.0,2.0,3,1,2.0,1,0
3849670,2,1,1.0,7,4,234,0.0,7,17.0,2.0,3,1,5.0,3,0
3785434,1,1,1.0,7,4,120,1.0,11,6.0,3.0,3,4,5.0,3,2
3888097,3,2,1.0,9,4,171,1.0,5,17.0,4.0,3,5,2.0,3,3
3636469,2,1,1.0,9,4,165,0.0,1,5.0,3.0,3,1,2.0,1,3
3740922,2,1,1.0,7,4,201,0.0,1,10.0,3.0,3,1,2.0,3,3
4033805,1,1,1.0,7,4,315,1.0,9,5.0,2.0,3,3,2.0,3,2
3922447,2,1,1.0,7,4,353,0.0,12,1.0,3.0,3,1,6.0,1,2
3132945,2,1,1.0,7,4,235,0.0,8,17.0,3.0,3,1,2.0,1,1
4002587,2,1,1.0,7,4,138,0.0,5,14.0,3.0,3,1,6.0,1,1
3939874,0,2,1.0,7,4,247,0.0,11,17.0,3.0,3,4,5.0,3,3
3911202,1,1,1.0,7,4,26,1.0,7,4.0,3.0,3,4,2.0,2,2
4070182,1,1,1.0,7,4,328,0.0,11,2.0,3.0,3,4,1.0,3,1
3341363,2,1,1.0,7,4,151,0.0,1,17.0,2.0,2,1,2.0,1,3
3388486,1,1,1.0,7,4,102,1.0,10,5.0,2.0,3,4,3.0,3,2
3840844,2,1,1.0,7,4,98,0.0,8,17.0,3.0,3,1,6.0,3,3
3550047,2,1,1.0,7,4,168,0.0,1,17.0,3.0,3,1,4.0,1,3
3843167,2,1,1.0,9,4,112,3.0,5,5.0,3.0,3,4,2.0,1,3
3518816,2,1,1.0,11,4,162,0.0,2,5.0,3.0,3,4,2.0,1,2
3292515,1,1,1.0,7,4,182,0.0,12,6.0,3.0,3,4,1.0,3,3
3554922,1,1,1.0,7,4,148,1.0,5,17.0,3.0,3,4,1.0,3,1
3687786,0,2,1.0,9,4,267,2.0,10,7.0,3.0,3,4,3.0,1,3
3402608,2,1,1.0,4,4,155,0.0,4,4.0,2.0,3,1,3.0,1,3
4023156,2,1,1.0,7,4,234,0.0,5,5.0,3.0,3,1,3.0,1,1
3109750,2,1,1.0,7,4,341,0.0,7,11.0,3.0,3,1,3.0,1,3
3582585,2,1,1.0,7,4,316,0.0,9,17.0,3.0,3,3,2.0,1,1
3784057,2,1,1.0,11,4,234,0.0,3,17.0,3.0,3,1,1.0,1,3
3865476,3,2,1.0,9,4,224,1.0,3,17.0,3.0,3,4,2.0,1,3
3117189,2,1,1.0,7,4,246,0.0,5,1.0,3.0,3,1,5.0,1,1
3938957,1,1,1.0,7,4,111,1.0,6,1.0,3.0,3,3,6.0,1,1
3929741,1,2,1.0,7,4,246,1.0,8,17.0,4.0,3,4,3.0,3,3
3855770,1,1,0.0,7,4,335,1.0,8,5.0,3.0,3,4,1.0,2,2
4019112,0,2,1.0,7,4,189,0.0,10,12.0,3.0,3,1,3.0,1,0
3997111,2,1,1.0,9,4,14,2.0,12,10.0,1.0,3,4,3.0,1,3
3455420,2,1,1.0,7,4,234,1.0,10,5.0,3.0,3,1,6.0,3,3
3914438,1,1,1.0,7,4,14,0.0,7,11.0,2.0,3,1,6.0,3,1
3919574,2,1,1.0,11,4,20,0.0,3,5.0,3.0,3,1,5.0,1,3
3767258,2,1,1.0,11,4,14,0.0,12,17.0,3.0,3,1,2.0,1,3
3925474,1,1,1.0,7,4,234,3.0,1,17.0,3.0,3,4,1.0,2,1
3497458,0,2,1.0,7,4,2,0.0,1,14.0,3.0,3,3,2.0,1,3
3333109,2,1,1.0,7,4,247,0.0,1,5.0,3.0,3,1,3.0,3,3
3700507,2,1,1.0,7,4,91,0.0,11,10.0,3.0,3,1,3.0,3,3
4057892,2,1,1.0,9,4,161,0.0,6,12.0,2.0,3,1,3.0,1,3
3902525,1,1,1.0,7,4,17,0.0,7,17.0,3.0,3,4,2.0,3,3
4045639,3,2,1.0,7,4,341,3.0,11,17.0,5.0,3,4,2.0,2,3
3816785,2,1,1.0,7,4,171,0.0,2,10.0,3.0,3,1,3.0,1,3
3853653,1,1,1.0,7,4,344,1.0,6,5.0,3.0,3,3,2.0,3,3
3365481,2,1,1.0,7,4,275,0.0,5,17.0,3.0,3,1,2.0,1,3
3801706,2,1,1.0,11,4,216,0.0,5,10.0,3.0,3,1,2.0,1,3
3636347,1,1,1.0,7,4,92,1.0,11,17.0,3.0,3,4,2.0,3,2
3779712,3,1,1.0,7,4,353,1.0,5,2.0,2.0,3,4,6.0,2,3
3879810,1,1,1.0,7,4,245,0.0,9,17.0,3.0,3,3,4.0,3,1
3872902,1,1,1.0,7,4,155,0.0,2,7.0,3.0,3,4,3.0,3,3
3729046,2,1,1.0,7,4,326,0.0,3,11.0,3.0,3,1,3.0,1,2
3511705,1,1,1.0,7,4,218,1.0,11,17.0,3.0,3,3,2.0,3,2
3081644,1,1,1.0,7,4,48,0.0,7,17.0,3.0,3,1,2.0,3,1
3934906,2,1,1.0,3,4,252,0.0,6,6.0,3.0,3,3,2.0,1,3
3688130,1,1,1.0,7,4,195,1.0,10,17.0,3.0,3,4,2.0,2,1
3660230,1,1,0.0,7,4,248,0.0,6,17.0,3.0,3,1,6.0,3,1
3678664,1,1,1.0,7,4,148,1.0,3,1.0,3.0,3,4,4.0,2,1
3822027,0,2,1.0,9,4,243,0.0,9,13.0,3.0,3,1,6.0,1,3
3840986,1,1,1.0,7,4,46,0.0,1,15.0,3.0,3,3,1.0,3,2
3176693,1,1,1.0,7,4,305,1.0,10,7.0,3.0,3,4,6.0,3,3
3835641,1,1,1.0,7,4,337,0.0,6,7.0,2.0,3,4,2.0,1,1
3779834,1,1,1.0,7,4,328,1.0,6,6.0,3.0,3,4,4.0,2,2
3752973,1,1,1.0,7,4,252,0.0,12,5.0,2.0,3,3,6.0,3,2
3734050,2,1,1.0,7,4,73,0.0,10,17.0,3.0,3,5,3.0,1,3
4029477,1,1,1.0,7,4,243,0.0,8,17.0,0.0,3,3,3.0,3,1
4037421,2,2,1.0,7,4,234,0.0,9,17.0,3.0,3,1,5.0,1,3
4028719,2,1,1.0,11,4,234,0.0,6,6.0,3.0,3,1,2.0,1,3
3117360,1,1,0.0,11,4,63,1.0,11,17.0,1.0,3,4,3.0,2,3
3780147,2,1,1.0,9,4,261,0.0,1,2.0,3.0,3,1,5.0,1,3
3354680,2,1,1.0,7,4,326,0.0,3,11.0,2.0,3,1,2.0,1,2
3766592,1,1,1.0,7,4,186,1.0,7,14.0,3.0,3,5,5.0,3,3
4068950,1,1,1.0,11,4,202,1.0,5,7.0,2.0,3,4,1.0,3,1
3776096,2,1,1.0,7,4,248,0.0,11,10.0,2.0,3,1,3.0,1,3
3982450,1,1,1.0,7,4,277,3.0,3,9.0,3.0,3,4,3.0,3,3
3992956,0,2,1.0,7,4,292,0.0,7,3.0,1.0,3,1,6.0,1,1
3959171,2,1,1.0,11,4,251,0.0,4,17.0,3.0,3,4,2.0,1,3
3768711,1,1,0.0,7,4,251,0.0,7,10.0,3.0,3,4,6.0,3,1
4036237,2,1,1.0,9,4,212,0.0,8,5.0,3.0,3,1,3.0,1,3
3982483,2,1,1.0,7,4,283,0.0,2,17.0,2.0,3,4,3.0,1,3
3982997,2,1,1.0,7,4,14,0.0,9,5.0,4.0,3,3,1.0,1,3
3876255,1,1,1.0,7,4,235,1.0,4,1.0,3.0,3,4,3.0,1,2
3867555,2,1,1.0,7,4,58,0.0,1,5.0,3.0,3,1,2.0,1,1
3810751,2,1,1.0,7,4,326,0.0,1,10.0,3.0,3,4,3.0,1,3
3898565,1,1,1.0,7,4,158,1.0,9,5.0,3.0,3,4,2.0,1,3
3876294,1,1,1.0,9,4,100,1.0,6,17.0,3.0,3,4,2.0,3,2
3940807,1,1,1.0,11,4,202,1.0,5,7.0,3.0,3,4,1.0,3,3
3924170,2,1,1.0,7,4,162,0.0,6,5.0,3.0,3,4,3.0,1,3
3797450,1,1,1.0,11,4,202,1.0,5,7.0,3.0,3,4,1.0,3,1
4045262,2,1,1.0,7,4,114,0.0,3,5.0,3.0,3,1,2.0,1,3
3528654,2,1,1.0,7,4,282,0.0,9,2.0,3.0,3,1,6.0,1,1
3989201,2,2,1.0,9,4,234,0.0,2,13.0,1.0,3,1,6.0,1,3
3741417,1,1,1.0,7,4,244,1.0,12,17.0,3.0,3,4,3.0,1,1
4062447,1,1,1.0,7,4,234,1.0,10,5.0,2.0,3,4,3.0,3,1
3711736,0,2,0.0,7,4,250,0.0,1,4.0,1.0,3,1,4.0,1,1
3972349,2,1,0.0,7,4,306,0.0,1,17.0,5.0,3,1,5.0,1,3
3914505,1,1,1.0,7,4,73,1.0,1,12.0,3.0,3,4,3.0,3,2
3859213,2,1,1.0,9,4,252,0.0,10,1.0,2.0,3,1,3.0,1,3
3728675,1,1,1.0,7,4,122,1.0,10,5.0,3.0,3,3,1.0,1,1
3401513,1,1,1.0,7,4,212,1.0,5,4.0,3.0,3,3,5.0,3,2
4012334,0,2,1.0,9,4,28,0.0,4,17.0,3.0,3,4,2.0,3,3
3611183,1,1,1.0,7,4,241,0.0,12,11.0,3.0,3,4,6.0,1,1
3867207,1,1,1.0,9,4,341,1.0,8,17.0,3.0,3,4,2.0,3,2
3773767,1,1,1.0,7,4,224,0.0,1,17.0,3.0,3,1,1.0,3,1
4055112,1,1,1.0,7,4,87,0.0,1,1.0,3.0,3,1,6.0,3,1
3982671,1,1,1.0,7,4,252,0.0,8,5.0,2.0,3,3,3.0,3,0
3977816,1,1,1.0,7,4,228,0.0,12,6.0,3.0,3,1,6.0,3,1
3945308,2,1,1.0,7,4,243,0.0,1,4.0,3.0,3,1,6.0,1,0
3842912,1,2,1.0,11,4,176,1.0,11,7.0,1.0,3,4,6.0,3,3
3973740,2,1,1.0,7,4,263,0.0,9,1.0,3.0,3,1,6.0,1,3
3898225,2,1,1.0,7,4,246,0.0,5,1.0,3.0,3,1,3.0,1,1
3907442,2,1,1.0,7,4,241,0.0,6,17.0,3.0,3,1,3.0,1,3
3603574,2,1,1.0,7,4,129,0.0,3,10.0,3.0,3,1,2.0,1,3
3973762,1,1,1.0,7,4,162,1.0,2,10.0,3.0,3,4,1.0,2,1
3890578,2,1,1.0,7,4,234,0.0,12,17.0,2.0,3,1,5.0,1,3
3898522,1,1,1.0,7,4,315,1.0,1,17.0,4.0,3,3,5.0,3,1
3631269,0,2,1.0,7,4,310,0.0,6,4.0,3.0,3,1,6.0,1,3
3839673,1,1,1.0,7,4,20,0.0,6,10.0,3.0,3,4,2.0,3,3
4086207,1,1,1.0,7,4,206,0.0,8,17.0,3.0,3,1,3.0,3,1
3889601,1,1,1.0,7,4,21,1.0,12,10.0,3.0,3,4,4.0,2,1
3721409,1,1,1.0,7,4,253,0.0,3,17.0,3.0,3,3,2.0,3,2
3228866,1,1,1.0,6,4,98,0.0,2,4.0,3.0,3,1,6.0,3,1
3919301,1,1,1.0,7,4,14,1.0,2,15.0,1.0,3,4,1.0,3,1
3571398,2,1,1.0,7,4,105,0.0,3,7.0,2.0,3,1,5.0,1,3
3806944,1,1,1.0,6,4,54,0.0,1,17.0,4.0,3,4,2.0,3,3
3189485,2,1,1.0,9,4,276,0.0,1,11.0,2.0,3,1,4.0,3,3
3104755,2,1,1.0,7,4,187,0.0,10,14.0,3.0,3,1,2.0,1,3
3730169,1,1,1.0,9,4,100,1.0,6,17.0,3.0,3,4,2.0,3,2
3357726,2,1,1.0,7,4,311,0.0,8,17.0,1.0,3,1,2.0,3,3
3692576,1,1,1.0,11,4,4,0.0,2,3.0,3.0,3,4,2.0,3,1
3645990,2,1,1.0,7,4,234,0.0,2,14.0,3.0,3,4,3.0,1,3
3910954,0,2,1.0,7,4,188,0.0,10,16.0,3.0,1,1,4.0,3,3
3077684,1,1,1.0,7,4,74,1.0,7,6.0,3.0,3,4,1.0,3,3
3915320,1,1,1.0,7,4,296,0.0,8,17.0,3.0,3,0,3.0,3,2
4030013,3,2,1.0,7,4,253,2.0,10,17.0,3.0,3,4,2.0,2,3
3909716,2,1,1.0,11,4,112,0.0,11,1.0,3.0,3,1,6.0,2,3
3390043,2,1,1.0,9,4,349,0.0,9,17.0,3.0,3,4,2.0,1,3
3869537,2,1,1.0,9,4,281,0.0,5,7.0,2.0,3,3,6.0,1,3
3940968,1,1,1.0,9,4,261,1.0,3,7.0,3.0,3,4,6.0,3,3
3736195,2,1,1.0,11,4,280,0.0,9,10.0,3.0,3,1,3.0,1,1
3987335,1,1,1.0,9,4,100,1.0,6,17.0,3.0,3,4,3.0,3,2
3981974,1,1,1.0,7,4,333,0.0,4,17.0,4.0,3,1,5.0,3,1
3671710,1,1,1.0,7,4,86,0.0,1,17.0,3.0,3,4,2.0,3,3
4009630,2,1,0.0,7,4,324,0.0,4,15.0,1.0,3,1,4.0,1,3
3946145,3,2,1.0,7,4,253,1.0,10,17.0,3.0,3,4,2.0,2,3
3388324,2,1,1.0,11,4,228,0.0,1,5.0,3.0,3,1,2.0,1,3
3657390,2,1,1.0,7,4,353,0.0,1,5.0,3.0,3,1,2.0,1,3
3559348,1,1,1.0,7,4,235,2.0,9,17.0,3.0,3,4,3.0,3,3
3992010,1,1,1.0,7,4,305,0.0,5,1.0,3.0,3,4,6.0,3,3
3984338,2,1,1.0,7,4,26,0.0,9,10.0,3.0,3,1,1.0,1,3
3296731,1,1,1.0,7,4,105,2.0,1,1.0,3.0,3,4,2.0,1,1
3975399,2,1,1.0,7,4,32,0.0,3,10.0,2.0,3,1,3.0,1,3
3997929,2,1,1.0,9,4,55,0.0,8,6.0,3.0,3,1,1.0,1,3
3612655,1,1,0.0,7,4,310,0.0,3,7.0,3.0,3,4,2.0,3,2
4000256,2,1,1.0,9,4,230,0.0,2,17.0,3.0,3,1,1.0,1,3
3272205,1,1,1.0,7,4,138,1.0,1,6.0,3.0,3,4,1.0,1,2
3750671,2,1,1.0,9,4,234,0.0,10,5.0,3.0,3,1,2.0,1,3
3794197,2,1,1.0,7,4,244,0.0,9,14.0,2.0,3,4,1.0,1,2
4010013,1,1,1.0,3,4,247,0.0,11,10.0,3.0,3,1,6.0,3,1
3521571,2,1,1.0,7,4,256,0.0,11,17.0,3.0,3,1,2.0,3,3
3970084,1,1,1.0,7,4,251,1.0,1,1.0,3.0,3,4,2.0,3,3
3990821,1,1,1.0,7,4,144,0.0,7,10.0,4.0,3,4,3.0,1,1
3948839,3,1,1.0,9,4,40,1.0,5,17.0,3.0,3,4,2.0,2,3
3645739,2,1,1.0,7,4,322,0.0,9,6.0,2.0,3,4,3.0,1,3
3712307,2,1,1.0,7,4,134,0.0,4,17.0,3.0,3,4,2.0,1,0
3310650,2,1,0.0,7,4,332,0.0,8,17.0,4.0,3,1,6.0,1,1
3919165,2,1,1.0,7,4,13,0.0,1,7.0,3.0,3,1,4.0,1,3
3349579,2,1,1.0,7,4,23,0.0,8,17.0,4.0,3,1,2.0,1,3
3963467,1,1,1.0,7,4,341,0.0,4,5.0,3.0,3,4,2.0,1,1
4030028,2,1,1.0,7,4,239,0.0,2,7.0,3.0,3,1,6.0,1,1
3727436,0,2,1.0,11,4,67,0.0,5,17.0,3.0,3,1,2.0,1,3
4077646,2,1,1.0,7,4,239,0.0,2,7.0,3.0,3,1,6.0,1,1
3955791,2,1,1.0,7,4,338,0.0,10,10.0,3.0,3,1,2.0,1,3
4068692,1,1,1.0,9,4,254,1.0,7,17.0,3.0,3,4,2.0,3,3
3447125,2,1,1.0,7,4,286,0.0,10,17.0,3.0,3,1,2.0,1,2
4062293,1,1,1.0,7,4,16,1.0,2,10.0,3.0,3,4,2.0,3,3
4084569,1,1,1.0,2,4,245,1.0,6,2.0,2.0,3,4,6.0,3,3
3704665,1,1,1.0,11,4,235,1.0,1,9.0,2.0,3,4,3.0,3,3
4085599,1,1,1.0,7,4,341,0.0,4,5.0,3.0,3,4,2.0,1,1
3860066,2,1,1.0,11,4,347,0.0,10,6.0,3.0,3,1,2.0,1,3
3869033,2,1,1.0,7,4,288,0.0,8,5.0,3.0,3,1,1.0,1,3
3991401,2,1,1.0,7,4,141,0.0,8,2.0,3.0,3,1,2.0,1,3
3941738,2,1,1.0,7,4,261,0.0,12,17.0,3.0,3,0,2.0,1,3
3773803,2,1,1.0,9,4,150,0.0,5,10.0,3.0,3,4,2.0,2,3
3832946,1,1,1.0,7,4,148,1.0,1,5.0,3.0,3,0,3.0,3,2
4022391,2,1,1.0,9,4,212,0.0,11,17.0,3.0,3,1,2.0,1,3
3822209,2,1,1.0,7,4,302,0.0,4,1.0,3.0,3,3,4.0,1,0
3868290,2,1,1.0,7,4,73,0.0,2,17.0,3.0,3,1,5.0,1,0
3595906,2,1,1.0,7,4,251,0.0,6,5.0,3.0,3,1,2.0,1,1
3765125,2,1,1.0,7,4,245,0.0,2,15.0,3.0,3,3,3.0,1,3
3630485,2,1,1.0,7,4,212,0.0,8,4.0,3.0,3,4,5.0,1,0
3893654,2,1,1.0,7,4,223,0.0,9,4.0,0.0,3,1,6.0,1,1
3137946,2,1,1.0,7,4,184,0.0,3,5.0,3.0,3,5,1.0,3,3
3910555,2,1,1.0,9,4,128,0.0,5,2.0,3.0,3,3,6.0,1,2
3783579,2,1,1.0,9,4,212,0.0,11,17.0,3.0,3,1,2.0,1,3
3840668,1,1,1.0,7,4,213,1.0,1,10.0,3.0,3,3,4.0,2,3
3785885,1,1,1.0,9,4,197,0.0,1,10.0,3.0,3,4,3.0,3,1
3999139,2,1,1.0,7,4,192,0.0,12,17.0,2.0,3,1,5.0,3,3
3920038,1,1,1.0,7,4,182,1.0,7,17.0,3.0,3,4,2.0,3,2
3779245,1,1,1.0,7,4,186,1.0,5,10.0,3.0,3,4,2.0,1,0
3851182,2,1,1.0,10,4,147,0.0,2,17.0,2.0,3,1,1.0,1,3
3884468,1,1,1.0,7,4,250,2.0,1,1.0,3.0,3,4,5.0,2,1
3882935,2,1,1.0,7,4,330,0.0,12,7.0,2.0,3,1,5.0,3,3
3418047,1,1,1.0,7,4,235,1.0,5,7.0,3.0,3,4,3.0,3,2
3797698,1,1,1.0,7,4,82,1.0,1,6.0,4.0,3,4,1.0,2,1
3872197,1,1,1.0,7,4,117,1.0,12,10.0,3.0,3,4,1.0,3,3
4052166,2,1,1.0,11,4,100,0.0,8,17.0,3.0,3,1,1.0,1,3
3894217,0,2,1.0,7,4,115,0.0,12,9.0,3.0,3,1,3.0,1,1
3333583,2,1,1.0,7,4,98,0.0,5,15.0,3.0,3,1,1.0,3,2
3697619,1,1,1.0,9,4,120,1.0,8,17.0,4.0,3,4,2.0,2,1
3783892,1,1,1.0,7,4,98,1.0,8,5.0,3.0,3,4,1.0,2,2
3678678,2,1,1.0,7,4,272,0.0,5,17.0,3.0,3,1,3.0,1,3
3955158,2,1,1.0,7,4,234,0.0,5,4.0,1.0,3,1,6.0,3,1
3763414,2,1,1.0,9,4,248,0.0,1,12.0,3.0,3,1,6.0,3,2
3922904,1,1,1.0,7,4,249,0.0,5,17.0,3.0,3,1,2.0,3,1
3832281,2,1,1.0,7,4,224,0.0,2,11.0,2.0,3,1,4.0,1,2
3498717,1,1,0.0,5,4,341,2.0,10,17.0,3.0,3,4,2.0,3,1
3761886,1,1,1.0,7,4,26,1.0,6,3.0,3.0,3,4,2.0,3,1
3744749,2,1,1.0,7,4,315,0.0,3,6.0,2.0,3,4,2.0,1,3
3885295,1,1,1.0,7,4,246,1.0,6,5.0,3.0,3,4,3.0,3,1
3958513,2,1,1.0,9,4,245,0.0,6,2.0,3.0,3,3,6.0,1,3
3977457,2,1,1.0,9,4,247,0.0,8,17.0,2.0,3,1,2.0,1,3
4051445,2,1,1.0,7,4,234,0.0,7,10.0,2.0,3,4,2.0,1,3
3815929,3,2,1.0,7,4,225,1.0,8,9.0,5.0,3,3,2.0,2,2
3817212,1,1,1.0,7,4,55,0.0,1,4.0,3.0,3,4,3.0,3,3
3839249,2,1,1.0,7,5,73,0.0,5,10.0,2.0,3,1,4.0,1,0
3940115,2,1,1.0,7,5,46,0.0,4,6.0,3.0,3,1,4.0,1,3
3533844,1,1,1.0,7,5,250,0.0,9,17.0,2.0,3,1,2.0,3,1
3796248,1,1,1.0,9,5,162,1.0,7,14.0,3.0,3,4,5.0,1,1
4066350,2,1,1.0,7,5,93,0.0,8,5.0,2.0,3,1,2.0,3,3
3965486,1,1,1.0,9,5,326,0.0,5,17.0,3.0,3,3,4.0,3,0
4035120,2,1,1.0,7,5,71,0.0,3,1.0,3.0,3,4,6.0,1,3
4058421,2,1,1.0,7,5,73,0.0,5,10.0,2.0,3,1,4.0,1,0
3327558,2,1,1.0,11,5,322,0.0,9,17.0,3.0,3,1,2.0,1,3
3609927,0,1,1.0,11,5,235,0.0,7,4.0,3.0,3,1,6.0,1,0
3424600,1,1,1.0,7,5,284,1.0,10,4.0,3.0,3,4,1.0,3,3
3880036,2,1,1.0,9,5,136,0.0,6,5.0,3.0,3,3,2.0,1,1
3833209,2,1,1.0,7,5,28,0.0,3,5.0,2.0,3,1,4.0,1,0
3075723,2,1,1.0,7,5,109,0.0,10,1.0,3.0,3,1,4.0,1,1
3781263,2,1,1.0,7,5,293,0.0,3,17.0,2.0,3,1,2.0,1,3
3883159,2,1,0.0,7,5,234,0.0,7,4.0,2.0,3,1,2.0,1,1
4060841,2,1,1.0,7,5,98,0.0,4,1.0,2.0,3,0,6.0,1,3
3664823,2,1,1.0,9,5,243,0.0,8,17.0,2.0,3,1,3.0,1,3
3954364,1,1,1.0,7,5,167,1.0,11,5.0,2.0,3,4,2.0,3,2
3111111,1,1,1.0,1,5,245,1.0,1,11.0,1.0,3,4,4.0,3,2
3982279,2,1,1.0,7,5,253,0.0,2,4.0,3.0,3,3,6.0,3,3
3077064,2,1,1.0,7,5,234,0.0,9,5.0,2.0,3,1,4.0,3,1
3480777,1,1,1.0,9,5,46,1.0,11,17.0,3.0,3,4,3.0,3,1
3833300,1,1,1.0,7,5,236,1.0,11,17.0,2.0,3,3,6.0,2,1
3391192,2,1,1.0,7,5,187,0.0,4,12.0,3.0,3,1,3.0,1,3
3815386,3,2,1.0,7,5,104,1.0,2,5.0,3.0,3,4,4.0,2,2
3399659,2,1,0.0,7,5,296,0.0,3,12.0,2.0,3,1,6.0,1,0
3976940,2,1,1.0,11,5,62,0.0,6,4.0,3.0,3,1,6.0,1,0
3794926,1,1,1.0,7,5,69,0.0,5,10.0,3.0,3,4,4.0,3,1
3725557,1,1,1.0,9,5,299,1.0,7,1.0,2.0,3,4,4.0,3,1
3977982,2,1,1.0,7,5,20,0.0,2,4.0,3.0,3,1,4.0,1,3
3757062,1,1,1.0,7,5,287,1.0,12,17.0,3.0,3,4,2.0,3,3
3890703,2,1,1.0,7,5,233,0.0,9,3.0,3.0,3,1,2.0,1,3
3773724,1,1,1.0,7,5,145,2.0,4,4.0,3.0,3,4,5.0,3,1
3870749,2,1,1.0,3,5,1,0.0,6,10.0,3.0,3,1,4.0,1,3
3600925,2,1,1.0,7,5,146,0.0,8,5.0,2.0,3,1,2.0,1,3
3977778,2,1,1.0,7,5,243,0.0,3,4.0,3.0,3,3,6.0,3,3
3947844,1,1,1.0,9,5,254,1.0,2,2.0,3.0,3,4,2.0,3,3
3978594,1,1,1.0,11,5,157,1.0,4,5.0,2.0,3,3,5.0,1,2
4084341,1,1,1.0,7,5,88,0.0,6,14.0,3.0,3,4,2.0,1,1
3954806,2,1,1.0,7,5,135,0.0,6,14.0,3.0,3,4,2.0,1,3
3883146,2,1,1.0,7,5,20,0.0,8,5.0,3.0,3,4,6.0,1,3
3977616,1,1,1.0,7,5,235,0.0,4,10.0,3.0,3,4,3.0,3,2
3352213,2,1,1.0,9,5,33,0.0,1,17.0,3.0,3,4,2.0,1,3
3852184,1,1,1.0,7,5,229,2.0,9,17.0,3.0,3,4,2.0,3,1
3773855,1,1,0.0,7,5,288,0.0,1,17.0,3.0,3,4,4.0,1,1
3925663,2,1,1.0,9,5,129,0.0,7,11.0,3.0,3,1,2.0,1,1
3817381,2,1,1.0,7,5,333,0.0,2,4.0,3.0,3,1,6.0,1,3
3862183,2,1,1.0,7,5,250,0.0,9,10.0,4.0,3,1,3.0,3,3
3623346,1,1,1.0,9,5,98,1.0,1,5.0,3.0,3,4,4.0,1,3
3937460,1,1,1.0,7,5,142,2.0,11,6.0,3.0,3,4,2.0,3,1
3249404,1,1,1.0,7,5,245,1.0,11,11.0,3.0,3,4,6.0,3,2
3721729,1,1,1.0,7,5,255,1.0,9,6.0,3.0,3,4,2.0,1,1
4046865,1,1,1.0,7,5,135,0.0,6,17.0,3.0,3,4,2.0,1,1
3769619,2,1,1.0,9,5,187,2.0,7,17.0,2.0,3,4,5.0,1,3
3449367,1,1,1.0,7,5,262,4.0,12,17.0,3.0,3,4,2.0,3,3
3934763,2,1,1.0,7,5,212,0.0,11,4.0,3.0,3,5,6.0,1,3
4061506,2,1,1.0,7,5,73,0.0,3,10.0,2.0,3,1,2.0,1,3
3962691,2,1,1.0,7,5,243,0.0,2,4.0,3.0,3,5,6.0,3,3
4015695,2,1,1.0,7,5,73,0.0,3,1.0,3.0,3,0,6.0,1,3
3775079,2,1,1.0,9,5,187,0.0,2,11.0,3.0,3,1,2.0,1,3
3893865,2,1,1.0,7,5,253,0.0,3,6.0,1.0,3,1,3.0,1,3
3996781,2,1,1.0,7,5,248,0.0,3,2.0,3.0,3,1,2.0,1,3
3604871,2,1,1.0,7,5,98,0.0,11,11.0,2.0,3,1,4.0,1,1
4038284,1,1,1.0,7,5,353,1.0,4,5.0,3.0,3,4,1.0,3,3
4018062,2,1,1.0,7,5,98,0.0,5,4.0,3.0,3,1,6.0,1,3
3954835,1,1,1.0,9,5,212,0.0,3,7.0,1.0,3,4,2.0,3,1
3836311,1,1,1.0,7,5,166,0.0,8,17.0,3.0,3,4,2.0,3,1
3966621,2,1,1.0,7,5,243,0.0,3,4.0,3.0,3,5,6.0,3,3
3914141,2,1,1.0,7,5,204,0.0,6,14.0,3.0,3,1,2.0,3,3
3808447,2,1,1.0,9,5,33,2.0,7,17.0,3.0,3,4,2.0,1,3
3557581,2,1,1.0,7,5,95,1.0,6,17.0,2.0,3,3,3.0,1,3
3797971,2,1,1.0,7,5,337,0.0,1,5.0,3.0,3,1,1.0,1,1
3741398,2,1,1.0,7,5,332,0.0,5,10.0,2.0,3,1,4.0,1,3
3919884,2,1,1.0,9,5,249,0.0,10,2.0,2.0,3,1,2.0,1,3
3871509,2,1,1.0,7,5,253,0.0,10,17.0,3.0,3,1,6.0,1,3
4084775,1,1,1.0,7,5,134,1.0,1,10.0,3.0,3,4,2.0,1,1
3170877,2,1,1.0,7,5,134,0.0,7,10.0,3.0,3,1,1.0,1,3
3668303,2,1,1.0,7,5,250,2.0,2,7.0,2.0,3,3,6.0,1,3
4041563,2,1,1.0,7,5,42,0.0,4,4.0,3.0,3,1,3.0,3,3
3921297,2,1,1.0,7,5,243,0.0,1,1.0,3.0,3,1,4.0,3,3
3881909,2,1,1.0,7,5,164,0.0,8,5.0,2.0,3,1,2.0,1,0
3758014,2,1,1.0,7,5,158,0.0,9,2.0,2.0,3,4,6.0,1,3
3895750,2,1,1.0,7,5,83,3.0,12,17.0,3.0,3,3,2.0,2,3
3603423,2,1,1.0,7,5,129,0.0,1,10.0,3.0,3,1,2.0,3,3
3786466,1,1,1.0,11,5,1,1.0,5,6.0,3.0,3,4,3.0,3,3
4056037,1,1,1.0,7,5,64,1.0,2,17.0,2.0,3,4,3.0,3,3
3728615,0,2,1.0,7,5,60,0.0,7,14.0,3.0,3,1,4.0,1,3
3738094,2,1,1.0,7,5,223,0.0,5,4.0,3.0,3,1,6.0,1,1
3967236,1,1,1.0,7,5,249,0.0,3,5.0,2.0,3,3,4.0,3,1
3737357,2,1,1.0,9,5,20,0.0,2,11.0,2.0,3,3,4.0,3,3
4040212,1,1,1.0,4,5,257,1.0,2,17.0,3.0,3,4,2.0,3,3
3862057,2,1,1.0,7,5,95,0.0,2,6.0,3.0,3,1,6.0,1,3
4023338,2,1,1.0,7,5,234,2.0,5,10.0,3.0,3,4,2.0,1,3
3387180,1,1,1.0,7,5,73,1.0,3,3.0,2.0,3,4,2.0,3,3
3328310,3,1,1.0,7,5,46,1.0,5,9.0,3.0,3,4,4.0,1,3
3588926,2,1,1.0,7,5,90,0.0,10,5.0,3.0,3,1,4.0,1,3
3933759,1,1,1.0,7,5,235,1.0,2,17.0,3.0,3,4,3.0,3,2
3924031,2,1,1.0,9,5,337,2.0,2,3.0,3.0,3,4,2.0,1,3
3594051,2,1,1.0,9,5,252,0.0,1,1.0,2.0,3,1,3.0,1,1
3736388,2,1,1.0,11,5,190,1.0,7,7.0,3.0,3,3,1.0,1,3
3756618,1,1,1.0,7,5,113,1.0,2,2.0,2.0,3,4,3.0,3,0
3754060,2,1,1.0,7,5,269,0.0,8,17.0,2.0,3,1,6.0,1,3
3991125,1,1,1.0,3,5,317,2.0,1,7.0,3.0,3,4,2.0,3,3
3997027,1,1,1.0,7,5,352,0.0,10,4.0,3.0,3,1,4.0,3,1
4076390,2,1,1.0,7,5,234,0.0,1,1.0,2.0,3,1,6.0,3,1
3877230,2,1,1.0,7,5,353,0.0,6,17.0,3.0,3,1,3.0,1,0
3988082,2,1,1.0,7,5,73,0.0,3,17.0,3.0,3,1,2.0,1,3
3841416,1,1,1.0,7,5,249,0.0,1,17.0,3.0,3,4,2.0,3,1
4044686,2,1,1.0,7,5,232,0.0,6,17.0,3.0,3,1,4.0,1,1
3113375,1,1,1.0,7,5,239,1.0,3,17.0,3.0,3,4,2.0,1,2
3334316,2,1,1.0,7,5,250,0.0,1,2.0,2.0,3,1,2.0,3,3
3490223,2,1,1.0,7,5,58,0.0,2,5.0,2.0,3,3,2.0,1,1
3880378,1,1,1.0,7,5,243,0.0,2,1.0,3.0,3,4,3.0,1,1
3121087,2,1,1.0,9,5,241,0.0,8,13.0,3.0,3,1,4.0,1,1
3936739,2,1,1.0,7,5,46,0.0,1,11.0,1.0,3,1,3.0,1,3
4056035,2,1,1.0,9,5,234,0.0,3,17.0,3.0,3,4,6.0,1,3
3767782,2,1,1.0,7,5,250,0.0,12,17.0,3.0,3,1,2.0,1,3
3518184,2,1,1.0,11,5,156,0.0,1,4.0,3.0,3,1,2.0,1,1
3788010,2,1,1.0,9,5,63,0.0,9,6.0,2.0,3,4,1.0,1,3
3956214,2,1,1.0,7,5,98,0.0,9,1.0,2.0,3,1,2.0,1,1
3931914,2,1,1.0,7,5,14,0.0,4,17.0,3.0,3,4,4.0,1,3
3606294,2,1,1.0,7,5,94,0.0,2,10.0,0.0,3,1,2.0,1,1
3476259,2,1,1.0,7,5,14,0.0,4,5.0,3.0,3,3,3.0,3,3
4059963,2,1,1.0,7,5,329,0.0,2,10.0,0.0,3,1,2.0,1,1
3756381,2,1,1.0,7,5,278,0.0,4,6.0,3.0,3,1,2.0,2,1
3940456,1,1,1.0,7,5,339,1.0,9,1.0,3.0,3,4,2.0,1,3
4017260,1,1,1.0,9,5,175,1.0,6,10.0,2.0,3,3,2.0,3,2
4081011,2,1,1.0,9,5,137,0.0,1,17.0,3.0,3,1,3.0,1,3
3603063,1,1,1.0,9,5,39,1.0,1,17.0,3.0,3,4,3.0,3,1
3941759,1,1,1.0,9,5,288,2.0,9,7.0,3.0,3,3,6.0,3,3
4071299,1,1,1.0,7,5,162,0.0,8,17.0,3.0,3,4,1.0,1,1
3726983,1,1,1.0,9,5,301,0.0,10,10.0,3.0,3,4,4.0,3,1
3297445,2,1,1.0,11,5,75,0.0,2,17.0,3.0,3,1,2.0,1,3
3761603,2,1,1.0,11,5,313,0.0,3,17.0,3.0,3,1,2.0,1,2
3943898,1,1,1.0,7,5,162,1.0,4,10.0,2.0,3,4,4.0,3,3
4041179,2,1,1.0,7,5,179,1.0,12,17.0,3.0,3,3,3.0,1,3
3864289,2,1,1.0,9,5,229,0.0,12,5.0,3.0,3,1,3.0,1,3
3932141,2,1,1.0,7,5,157,0.0,1,17.0,2.0,3,1,4.0,1,3
3160576,1,1,1.0,8,5,125,0.0,8,9.0,3.0,3,4,6.0,2,1
3704576,2,1,1.0,9,5,315,0.0,1,17.0,3.0,3,4,4.0,1,2
3528709,1,1,1.0,7,5,158,0.0,1,7.0,3.0,3,1,6.0,3,1
3789082,2,1,1.0,7,5,55,0.0,7,17.0,0.0,3,1,3.0,1,3
3837999,1,1,1.0,9,5,127,1.0,4,5.0,3.0,3,4,3.0,3,3
3898981,1,1,1.0,7,5,344,0.0,4,5.0,2.0,3,1,2.0,3,1
3751025,1,1,1.0,9,5,202,0.0,4,10.0,2.0,3,1,3.0,3,1
3864701,2,1,1.0,9,5,116,0.0,8,5.0,4.0,3,1,3.0,1,3
3768446,2,1,1.0,7,5,246,0.0,2,17.0,2.0,3,4,2.0,1,3
3945387,1,1,1.0,7,5,91,2.0,1,17.0,3.0,3,4,3.0,3,3
3193261,2,1,1.0,9,5,66,0.0,3,6.0,3.0,3,1,1.0,1,3
3823797,1,1,1.0,7,5,212,0.0,1,5.0,2.0,3,4,3.0,1,1
3269838,1,1,1.0,7,5,50,0.0,9,5.0,3.0,3,4,5.0,3,3
3635407,2,1,1.0,11,5,238,0.0,8,17.0,2.0,3,1,6.0,1,1
3480019,1,1,1.0,7,5,58,1.0,2,4.0,1.0,3,4,2.0,3,2
3555047,2,1,1.0,9,5,327,0.0,6,10.0,3.0,3,1,2.0,1,3
3728881,2,1,1.0,7,5,326,0.0,1,10.0,2.0,3,1,6.0,1,3
4069147,1,1,1.0,7,5,55,0.0,12,1.0,3.0,3,1,2.0,3,1
3761001,1,1,1.0,7,5,253,0.0,8,1.0,3.0,3,1,4.0,3,1
3544445,1,1,1.0,9,5,336,0.0,11,6.0,2.0,3,4,1.0,3,3
4015503,1,1,1.0,11,5,220,0.0,6,4.0,3.0,3,1,6.0,3,1
3394212,2,1,1.0,7,5,315,1.0,9,10.0,2.0,3,1,3.0,1,3
3710886,1,1,1.0,7,5,240,1.0,2,5.0,3.0,3,5,4.0,2,2
4020815,1,1,1.0,7,5,280,1.0,2,5.0,2.0,3,4,4.0,3,1
3962718,2,1,1.0,7,5,172,0.0,8,2.0,3.0,3,1,1.0,1,2
4066656,1,1,1.0,9,5,154,1.0,3,2.0,2.0,3,4,3.0,1,1
3778445,2,1,1.0,9,5,161,0.0,10,1.0,3.0,3,1,6.0,1,3
3483282,2,1,1.0,7,5,258,0.0,6,7.0,2.0,3,4,3.0,1,3
3557380,1,1,0.0,7,5,163,0.0,2,17.0,3.0,3,1,1.0,3,1
3900960,1,1,1.0,11,5,161,0.0,3,5.0,3.0,3,4,3.0,2,1
3894058,1,1,1.0,7,5,246,0.0,1,10.0,3.0,3,4,3.0,3,3
3912781,2,1,1.0,7,5,212,0.0,7,7.0,2.0,3,1,6.0,1,3
4016993,2,1,1.0,7,5,156,0.0,6,4.0,3.0,3,1,6.0,1,3
3819161,2,1,1.0,9,5,26,0.0,8,17.0,3.0,3,1,4.0,1,3
3994010,2,1,1.0,7,5,335,0.0,1,14.0,3.0,3,1,5.0,1,0
3742109,1,1,1.0,9,5,223,0.0,8,4.0,3.0,3,1,6.0,3,1
3884192,1,1,1.0,7,5,145,1.0,6,7.0,2.0,3,4,4.0,1,3
3934124,2,1,1.0,7,5,245,0.0,10,7.0,3.0,3,1,3.0,1,1
4035246,1,1,1.0,7,5,73,1.0,6,17.0,3.0,3,4,2.0,3,3
4018100,2,1,1.0,7,5,79,0.0,10,5.0,3.0,3,1,2.0,1,1
3941126,2,1,1.0,7,6,120,0.0,1,10.0,2.0,3,1,2.0,1,3
4037656,2,1,1.0,7,6,280,0.0,4,3.0,3.0,3,1,3.0,1,3
3916576,2,1,1.0,7,6,268,0.0,8,5.0,2.0,3,1,3.0,3,3
3457354,2,1,1.0,7,6,121,0.0,1,4.0,4.0,3,1,3.0,1,3
3749736,1,1,1.0,7,6,280,1.0,1,5.0,2.0,3,4,4.0,3,1
3865250,1,1,1.0,9,6,289,1.0,6,17.0,2.0,3,4,1.0,3,1
3908787,1,1,1.0,9,6,18,1.0,3,2.0,2.0,3,4,3.0,1,2
4021700,2,1,1.0,9,6,231,0.0,5,17.0,2.0,4,1,1.0,1,3
3881717,2,1,1.0,7,6,212,0.0,9,12.0,2.0,3,1,3.0,3,3
3846173,2,1,1.0,7,6,152,0.0,7,2.0,3.0,3,1,6.0,1,1
3511101,2,1,1.0,9,6,100,0.0,5,7.0,3.0,3,1,4.0,1,3
3931974,2,1,1.0,11,6,156,0.0,2,17.0,3.0,3,1,2.0,3,3
3738519,1,1,1.0,11,6,223,3.0,1,17.0,3.0,3,4,1.0,3,1
4066436,1,1,1.0,7,6,318,1.0,6,5.0,3.0,3,3,3.0,3,2
3744139,1,1,1.0,9,6,242,0.0,4,1.0,3.0,3,4,6.0,3,3
3400846,2,1,1.0,3,6,158,0.0,7,17.0,3.0,3,1,3.0,3,2
3927465,2,1,1.0,7,6,173,0.0,3,6.0,3.0,3,1,2.0,1,3
4044464,1,1,1.0,7,6,24,1.0,9,5.0,1.0,3,3,2.0,3,3
3996199,0,1,1.0,7,6,235,0.0,1,4.0,2.0,3,3,2.0,1,1
3735592,1,1,1.0,7,6,240,0.0,1,11.0,2.0,3,1,6.0,3,1
3690461,1,1,1.0,7,6,310,0.0,9,14.0,2.0,3,0,5.0,3,1
